USE [EsportsPortal]
GO
SET IDENTITY_INSERT [dbo].[NewsPosts] ON 
GO
INSERT [dbo].[NewsPosts] ([Id], [Title], [PublishDate], [Body], [ImageFileName]) VALUES (1, N'A LOOK AT 2024 ON HLTV CONFIRMED: ROAD MAP AND PREDICTIONS', CAST(N'2024-01-07T16:02:49.0790000' AS DateTime2), N'Chad "⁠SPUNJ⁠" Burchill, Milan "⁠Striker⁠" Švejda, and Zvonimir "⁠Professeur⁠" Burazin are back on the show to break down the latest transfer news, including the unveiling of BLEED and the changes in the mid-tier of European squads. The show will be touching on the future of Complexity, the changes in Denmark, including some interesting signings for Sashi and TSM.

In the second half of the episode, we''ll be touching on the Top20 ranking countdown and the road ahead for 2024, starting with the RMR qualifiers and the big tournaments by BLAST, ESL, and others.

Topic list:

Recent news
- BLEED roster unveiled
- OG +HeavyGod
- Vox pop: The Battle for Mid-dle Earth
- Complexity contract extension
- More Danes (CPH Wolves, TSM, Sashi)
- 00NATION, O PLANO
- Edward retires

Top 20 check-in
- Striker to answer for his sins
- Skinionaire

2024 road map
- Majors
- BLAST
- ESL
- Other players
- Predictions for the first 6 months

Playtime
- Viewer and leftover questions', NULL)
GO
INSERT [dbo].[NewsPosts] ([Id], [Title], [PublishDate], [Body], [ImageFileName]) VALUES (2, N'TOP 20 PLAYERS OF 2023: INTRODUCTION', CAST(N'2023-12-27T17:08:20.6470000' AS DateTime2), N'As is tradition at the end of every year, HLTV will be running its Top 20 Players of the Year countdown, a ranking of the 20 best players starting from No. 20 and descending daily until reaching the year''s best performer.

The countdown started on January 1 in years past, but this time around, with the third edition of the HLTV Award Show set to take place on January 13 in Belgrade, Serbia, the ranking will start a few days earlier.


Read more
Announcing HLTV Award Show 2023 presented by 1xBet
In order to reach the Award Show with the final three players left to reveal, one player will be unveiled every day at 21:00  starting on December 27 until January 12, the eve of the award show. Then, along with other individual and team accolades, the three best players of 2023 will be revealed and the player of the year will be awarded.

Top 20 players of 2023 calendar

1. To be announced at HLTV Award Show on January 13
2. To be announced at HLTV Award Show on January 13
3. To be announced at HLTV Award Show on January 13
4. To be announced January 12, 21:00 
5. To be announced January 11, 21:00 
6. To be announced January 10, 21:00 
7. To be announced January 9, 21:00 
8. To be announced January 8, 21:00 
9. To be announced January 7, 21:00 
10. Latvia Helvijs "⁠broky⁠" Saukants
11. Denmark Nicolai "device" Reedtz
12. Slovakia David "frozen" Čerňanský
13. Bosnia and Herzegovina Nemanja "huNter-⁠" Kovač
14. Israel Guy "NertZ" Iluz
15. Denmark Jakob "⁠jabbi⁠" Nygaard
16. Denmark Benjamin "blameF" Bremer
17. Denmark Emil "Magisk" Reif
18. Denmark Casper ⁠"cadiaN"⁠ Møller
19. Brazil Kaike "KSCERATO" Cerato
20. Canada Russel ⁠"Twistzz"⁠ Van Dulken

For those of you who like to guess the players in the ranking or just wonder about how it is made, here are a few crucial points to keep in mind:

1. Statistics: The ranking is heavily based on the numbers, but looking at year-long ratings alone won''t tell you everything. Context is important, such as at which events players stood out and whether they performed when the stakes were highest in big playoff matches.

Note: Placings mentioned in each top 20 player''s notable stats are from all 108 players who played at least 50 maps in the events considered.

2. Awards: If you followed the ranking in previous years, you''ll know MVPs and EVPs can make a difference. Not all accolades are born equal, however, as a big EVP (from a Major, for example) could mean more than MVP medals from smaller events.

2023 events considered and categories:
— Super-elite (IEM Katowice, BLAST.tv Paris Major, IEM Cologne)
— Elite (IEM Sydney, Gamers8, BLAST Premier World Final)
— Big (ESL Pro Leagues, BLAST Premier Spring and Fall Finals, IEM Dallas and Rio)
— Medium (CS Asia Championships, Elisa Masters Espoo, ESL Challengers Atlanta and Jönköping, BetBoom Dacha, Thunderpick World Championship)
— Non-award (BLAST Premier Groups, IEM Katowice/Cologne Play-ins, BLAST.tv Paris Major Challengers Stage and RMRs)

3. Sample size: This is a ranking of the best of the best. To make it into the top 20, players have to show their worth against the best teams on a regular basis. If they haven''t played at the top for long enough, the sample size is too small to judge.

4. Consistency: One of the factors in judging the players'' year is their consistency, both from match to match and tournament to tournament. Although high enough peaks can make up for a lack of stability, occasional disappearances — especially in key moments and at the biggest tournaments — are likely to bring them down a notch.

5. Recency bias: While it is natural for fans to remember more from recent times, we look at an entire year''s worth of performances when determining the ranking.', NULL)
GO
INSERT [dbo].[NewsPosts] ([Id], [Title], [PublishDate], [Body], [ImageFileName]) VALUES (3, N'TOP 20 PLAYERS OF 2023: BROKY (10)', CAST(N'2024-01-06T17:11:38.7870000' AS DateTime2), N'High peaks and a strong award count land broky in the top ten of the HLTV Top 20 Players of the Year list, powered by 1xBet, for a second time.', N'Top20-broky.avif')
GO
INSERT [dbo].[NewsPosts] ([Id], [Title], [PublishDate], [Body], [ImageFileName]) VALUES (4, N'TOP 20 PLAYERS OF 2023: DEVICE (11)', CAST(N'2024-01-05T17:19:11.5660000' AS DateTime2), N'A world-class raw output in an otherwise difficult year for Astralis sees device return to the top 20 players list, powered by 1xBet.', N'Top20-device.avif')
GO
INSERT [dbo].[NewsPosts] ([Id], [Title], [PublishDate], [Body], [ImageFileName]) VALUES (5, N'TOP 20 PLAYERS OF 2023: BLAMEF (16)', CAST(N'2023-12-31T17:24:28.3600000' AS DateTime2), N'A superb fragging output and impressive performances against the world''s elite help the Dane appear in this year’s Top 20 Players of the Year ranking by 1xBet.', N'Top20-blamef.avif')
GO
INSERT [dbo].[NewsPosts] ([Id], [Title], [PublishDate], [Body], [ImageFileName]) VALUES (6, N'TOP 20 PLAYERS OF 2023: JABBI (15)', CAST(N'2024-01-01T17:26:10.5440000' AS DateTime2), N'jabbi''s strong peaks at IEM Katowice and BLAST Premier Spring Final earn him his first-ever appearance on the HLTV Top 20 Players of the Year list by 1xBet.', N'Top20-jabbi.avif')
GO
INSERT [dbo].[NewsPosts] ([Id], [Title], [PublishDate], [Body], [ImageFileName]) VALUES (7, N'TOP 20 PLAYERS OF 2023: NERTZ (14)', CAST(N'2024-01-02T17:28:06.4570000' AS DateTime2), N'Thanks to his fantastic raw output and significant contributions to ENCE''s deep runs, NertZ makes his first-ever appearance on the HLTV Top 20 Players of the Year list by 1xBet.', N'Top20-nertz.avif')
GO
INSERT [dbo].[NewsPosts] ([Id], [Title], [PublishDate], [Body], [ImageFileName]) VALUES (8, N'TOP 20 PLAYERS OF 2023: HUNTER- (13)', CAST(N'2024-01-03T17:29:48.2490000' AS DateTime2), N'High peaks at three Big Events earn the Bosnian his fourth consecutive appearance in our Top 20 Players of the Year ranking, powered by 1xBet.', N'Top20-hanter-.avif')
GO
INSERT [dbo].[NewsPosts] ([Id], [Title], [PublishDate], [Body], [ImageFileName]) VALUES (9, N'TOP 20 PLAYERS OF 2023: FROZEN (12)', CAST(N'2024-01-04T17:30:55.3990000' AS DateTime2), N'The 12th spot on the HLTV Top 20 Players of the Year list, powered by 1xBet, goes to frozen due to his incredible consistency and admirable performances against the best teams.', N'Top20-frozen.avif')
GO
INSERT [dbo].[NewsPosts] ([Id], [Title], [PublishDate], [Body], [ImageFileName]) VALUES (10, N'BLAST EXPAND PARTNER LIST WITH VIRTUS.PRO, FALCONS, SPIRIT, GAMERLEGION', CAST(N'2024-01-05T22:09:22.0560000' AS DateTime2), N'BLAST have announced the addition of Virtus.pro, Falcons, Spirit, and GamerLegion to their circuit as affiliate members and expanded their circuit to 16 teams, confirming an earlier report by HLTV. The four teams are set to join the action at the BLAST Premier Spring Groups, starting January 22.


Read more
BLAST Premier to expand to 16 teams in 2024
The Spring Groups format has also been changed slightly to account for more teams, with the event now featuring a $190,000 prize pool and an increase from 24 to 26 games in a format that removes "all redundant matches." BLAST also announced that their other other events will remain unchanged despite the expansion.

The tournament organizer states that after Evil Geniuses opted to sell their Member team slot at the end of the year, they received several propositions from interested teams. One of those came from the newly assembled BLEED roster, Aleksandar "⁠kassad⁠" Trifunović shared in a Tweet.

With Cloud9 securing EG''s member slot, BLAST then offered four more Affiliate memberships for the duration of 2024 before Valve''s ruling of effectively putting an end to leagues and tournaments with partnered teams comes into effect at the start of 2025.

Andrew Haworth, Programme Director for BLAST Premier, said: "We are excited to be expanding our pool of participating teams in the BLAST Premier circuit with four new Affiliate member teams. During the bidding process for Evil Geniuses'' Member slot, it became apparent there was a strong appetite to be a part of BLAST from teams across the Counter-Strike ecosystem.

"Virtus.pro are an organization with a deep history in Counter-Strike, and GamerLegion experienced great success at the Paris Major last year. Both Falcons and Team Spirit have made statement signings as well, and we cannot wait to see all four teams debut later this month and compete across the year," he said of BLAST''s new members.

The BLAST Premier circuit gets underway with the Spring Groups, set to start on January 22 at the BLAST Studios in Copenhagen, where six Spring Final spots will be up for grabs.', NULL)
GO
INSERT [dbo].[NewsPosts] ([Id], [Title], [PublishDate], [Body], [ImageFileName]) VALUES (11, N'TOP 20 PLAYERS OF 2023: STAVN (9)', CAST(N'2024-01-07T22:12:02.0510000' AS DateTime2), N'Due to an excellent floor level and his plethora of awards, stavn claims his fourth appearance on the HLTV Top 20 Players of the Year list, powered by 1xBet.', N'Top20-stavn.avif')
GO
INSERT [dbo].[NewsPosts] ([Id], [Title], [PublishDate], [Body], [ImageFileName]) VALUES (12, N'TOP 20 PLAYERS OF 2023: MAGISK (17)', CAST(N'2023-12-30T22:14:42.1230000' AS DateTime2), N'A dependable floor and consistent performances against the best teams at the biggest events earns Magisk a spot in our Top 20 Players of the Year ranking by 1xBet.', N'Top20-magisk.avif')
GO
INSERT [dbo].[NewsPosts] ([Id], [Title], [PublishDate], [Body], [ImageFileName]) VALUES (13, N'TOP 20 PLAYERS OF 2023: CADIAN (18)', CAST(N'2023-12-29T22:17:55.6990000' AS DateTime2), N'Highlight performances at the very best events earn the former Heroic captain his first-ever Top 20 Players appearance in the 18th spot of the 2023 ranking, powered by 1xBet.

', N'Top20-cadian.avif')
GO
INSERT [dbo].[NewsPosts] ([Id], [Title], [PublishDate], [Body], [ImageFileName]) VALUES (14, N'TOP 20 PLAYERS OF 2023: KSCERATO (19)', CAST(N'2023-12-28T22:20:00.4010000' AS DateTime2), N'KSCERATO bulldozed his way into the Top 20 Players of the Year ranking by 1xBet despite a hard year for FURIA, showcasing his stellar quality in the face of adversity.', N'Top20-kscerato.avif')
GO
INSERT [dbo].[NewsPosts] ([Id], [Title], [PublishDate], [Body], [ImageFileName]) VALUES (15, N'TOP 20 PLAYERS OF 2023: TWISTZZ (20)', CAST(N'2023-12-27T22:22:26.4260000' AS DateTime2), N'The Twistzz is the first name to be revealed in this year’s Top 20 Players of the Year ranking by 1xBet, thanks to his solid base level and incredible trade ability.', N'Top20-twistzz.avif')
GO
SET IDENTITY_INSERT [dbo].[NewsPosts] OFF
GO
SET IDENTITY_INSERT [dbo].[NewsPostTags] ON 
GO
INSERT [dbo].[NewsPostTags] ([Id], [Name], [NewsPostId]) VALUES (1, N'predictions', 1)
GO
INSERT [dbo].[NewsPostTags] ([Id], [Name], [NewsPostId]) VALUES (2, N'2024', 1)
GO
INSERT [dbo].[NewsPostTags] ([Id], [Name], [NewsPostId]) VALUES (3, N'Top20', 4)
GO
INSERT [dbo].[NewsPostTags] ([Id], [Name], [NewsPostId]) VALUES (4, N'2023', 4)
GO
INSERT [dbo].[NewsPostTags] ([Id], [Name], [NewsPostId]) VALUES (5, N'device', 4)
GO
INSERT [dbo].[NewsPostTags] ([Id], [Name], [NewsPostId]) VALUES (6, N'Top20', 3)
GO
INSERT [dbo].[NewsPostTags] ([Id], [Name], [NewsPostId]) VALUES (7, N'2023', 3)
GO
INSERT [dbo].[NewsPostTags] ([Id], [Name], [NewsPostId]) VALUES (8, N'broky', 3)
GO
INSERT [dbo].[NewsPostTags] ([Id], [Name], [NewsPostId]) VALUES (9, N'Top20', 9)
GO
INSERT [dbo].[NewsPostTags] ([Id], [Name], [NewsPostId]) VALUES (10, N'2023', 9)
GO
INSERT [dbo].[NewsPostTags] ([Id], [Name], [NewsPostId]) VALUES (11, N'frozen', 9)
GO
INSERT [dbo].[NewsPostTags] ([Id], [Name], [NewsPostId]) VALUES (12, N'Top20', 8)
GO
INSERT [dbo].[NewsPostTags] ([Id], [Name], [NewsPostId]) VALUES (13, N'2023', 8)
GO
INSERT [dbo].[NewsPostTags] ([Id], [Name], [NewsPostId]) VALUES (14, N'huNter-', 8)
GO
INSERT [dbo].[NewsPostTags] ([Id], [Name], [NewsPostId]) VALUES (15, N'Top20', 7)
GO
INSERT [dbo].[NewsPostTags] ([Id], [Name], [NewsPostId]) VALUES (16, N'2023', 7)
GO
INSERT [dbo].[NewsPostTags] ([Id], [Name], [NewsPostId]) VALUES (17, N'NertZ', 7)
GO
INSERT [dbo].[NewsPostTags] ([Id], [Name], [NewsPostId]) VALUES (18, N'Top20', 6)
GO
INSERT [dbo].[NewsPostTags] ([Id], [Name], [NewsPostId]) VALUES (19, N'2023', 6)
GO
INSERT [dbo].[NewsPostTags] ([Id], [Name], [NewsPostId]) VALUES (20, N'jabbi', 6)
GO
INSERT [dbo].[NewsPostTags] ([Id], [Name], [NewsPostId]) VALUES (21, N'Top20', 5)
GO
INSERT [dbo].[NewsPostTags] ([Id], [Name], [NewsPostId]) VALUES (22, N'2023', 5)
GO
INSERT [dbo].[NewsPostTags] ([Id], [Name], [NewsPostId]) VALUES (23, N'blameF', 5)
GO
INSERT [dbo].[NewsPostTags] ([Id], [Name], [NewsPostId]) VALUES (24, N'Top20', 2)
GO
INSERT [dbo].[NewsPostTags] ([Id], [Name], [NewsPostId]) VALUES (25, N'2023', 2)
GO
INSERT [dbo].[NewsPostTags] ([Id], [Name], [NewsPostId]) VALUES (26, N'BLAST', 10)
GO
INSERT [dbo].[NewsPostTags] ([Id], [Name], [NewsPostId]) VALUES (27, N'Top20', 11)
GO
INSERT [dbo].[NewsPostTags] ([Id], [Name], [NewsPostId]) VALUES (28, N'2023', 11)
GO
INSERT [dbo].[NewsPostTags] ([Id], [Name], [NewsPostId]) VALUES (29, N'stavn', 11)
GO
INSERT [dbo].[NewsPostTags] ([Id], [Name], [NewsPostId]) VALUES (30, N'Top20', 12)
GO
INSERT [dbo].[NewsPostTags] ([Id], [Name], [NewsPostId]) VALUES (31, N'2023', 12)
GO
INSERT [dbo].[NewsPostTags] ([Id], [Name], [NewsPostId]) VALUES (32, N'Magisk', 12)
GO
INSERT [dbo].[NewsPostTags] ([Id], [Name], [NewsPostId]) VALUES (33, N'Top20', 13)
GO
INSERT [dbo].[NewsPostTags] ([Id], [Name], [NewsPostId]) VALUES (34, N'2023', 13)
GO
INSERT [dbo].[NewsPostTags] ([Id], [Name], [NewsPostId]) VALUES (35, N'cadiaN', 13)
GO
INSERT [dbo].[NewsPostTags] ([Id], [Name], [NewsPostId]) VALUES (36, N'Top20', 14)
GO
INSERT [dbo].[NewsPostTags] ([Id], [Name], [NewsPostId]) VALUES (37, N'2023', 14)
GO
INSERT [dbo].[NewsPostTags] ([Id], [Name], [NewsPostId]) VALUES (38, N'KSCERATO', 14)
GO
INSERT [dbo].[NewsPostTags] ([Id], [Name], [NewsPostId]) VALUES (39, N'Top20', 15)
GO
INSERT [dbo].[NewsPostTags] ([Id], [Name], [NewsPostId]) VALUES (40, N'2023', 15)
GO
INSERT [dbo].[NewsPostTags] ([Id], [Name], [NewsPostId]) VALUES (41, N'Twistzz', 15)
GO
SET IDENTITY_INSERT [dbo].[NewsPostTags] OFF
GO
SET IDENTITY_INSERT [dbo].[Countries] ON 
GO
INSERT [dbo].[Countries] ([Id], [Name], [FlagFileName]) VALUES (1, N'Ukraine', N'UA.webp')
GO
INSERT [dbo].[Countries] ([Id], [Name], [FlagFileName]) VALUES (2, N'Poland', N'PL.webp')
GO
INSERT [dbo].[Countries] ([Id], [Name], [FlagFileName]) VALUES (3, N'Finland', N'FI.webp')
GO
INSERT [dbo].[Countries] ([Id], [Name], [FlagFileName]) VALUES (4, N'Hungary', N'HU.webp')
GO
INSERT [dbo].[Countries] ([Id], [Name], [FlagFileName]) VALUES (5, N'Israel', N'IL.webp')
GO
INSERT [dbo].[Countries] ([Id], [Name], [FlagFileName]) VALUES (6, N'Lithuania', N'LT.webp')
GO
INSERT [dbo].[Countries] ([Id], [Name], [FlagFileName]) VALUES (7, N'Denmark', N'DK.webp')
GO
INSERT [dbo].[Countries] ([Id], [Name], [FlagFileName]) VALUES (8, N'Romania', N'RO.webp')
GO
INSERT [dbo].[Countries] ([Id], [Name], [FlagFileName]) VALUES (9, N'Slovakia', N'SK.webp')
GO
INSERT [dbo].[Countries] ([Id], [Name], [FlagFileName]) VALUES (10, N'Latvia', N'LV.webp')
GO
INSERT [dbo].[Countries] ([Id], [Name], [FlagFileName]) VALUES (11, N'Norway', N'NO.webp')
GO
INSERT [dbo].[Countries] ([Id], [Name], [FlagFileName]) VALUES (12, N'Estonia', N'EE.webp')
GO
INSERT [dbo].[Countries] ([Id], [Name], [FlagFileName]) VALUES (13, N'France', N'FR.webp')
GO
INSERT [dbo].[Countries] ([Id], [Name], [FlagFileName]) VALUES (14, N'Brazil', N'BR.webp')
GO
INSERT [dbo].[Countries] ([Id], [Name], [FlagFileName]) VALUES (15, N'Belgium', N'BE.webp')
GO
INSERT [dbo].[Countries] ([Id], [Name], [FlagFileName]) VALUES (16, N'Sweden', N'SE.webp')
GO
INSERT [dbo].[Countries] ([Id], [Name], [FlagFileName]) VALUES (17, N'Germany', N'DE.webp')
GO
INSERT [dbo].[Countries] ([Id], [Name], [FlagFileName]) VALUES (18, N'United Kingdom', N'GB.webp')
GO
INSERT [dbo].[Countries] ([Id], [Name], [FlagFileName]) VALUES (19, N'UAE', N'AE.webp')
GO
SET IDENTITY_INSERT [dbo].[Countries] OFF
GO
SET IDENTITY_INSERT [dbo].[Regions] ON 
GO
INSERT [dbo].[Regions] ([Id], [Name], [FlagFileName]) VALUES (1, N'Europe', N'EU.webp')
GO
INSERT [dbo].[Regions] ([Id], [Name], [FlagFileName]) VALUES (2, N'North America', N'North America.png')
GO
INSERT [dbo].[Regions] ([Id], [Name], [FlagFileName]) VALUES (3, N'South America', N'South America.png')
GO
INSERT [dbo].[Regions] ([Id], [Name], [FlagFileName]) VALUES (4, N'CIS', N'CIS.png')
GO
INSERT [dbo].[Regions] ([Id], [Name], [FlagFileName]) VALUES (5, N'China', N'China.png')
GO
SET IDENTITY_INSERT [dbo].[Regions] OFF
GO
SET IDENTITY_INSERT [dbo].[Teams] ON 
GO
INSERT [dbo].[Teams] ([Id], [Name], [Ranking], [LogoFileName], [RegionId]) VALUES (1, N'Natus Vincere', 8, N'NAVI.svg', 1)
GO
INSERT [dbo].[Teams] ([Id], [Name], [Ranking], [LogoFileName], [RegionId]) VALUES (2, N'MOUZ', 3, N'MOUZ.webp', 1)
GO
INSERT [dbo].[Teams] ([Id], [Name], [Ranking], [LogoFileName], [RegionId]) VALUES (3, N'FaZe', 1, N'FaZe.svg', 1)
GO
SET IDENTITY_INSERT [dbo].[Teams] OFF
GO
SET IDENTITY_INSERT [dbo].[Coaches] ON 
GO
INSERT [dbo].[Coaches] ([Id], [FirstName], [LastName], [Nickname], [DateOfBirth], [PhotoFileName], [CountryId], [TeamId]) VALUES (1, N'Andrij', N'Ghorodensjkyj', N'B1ad3', CAST(N'1986-11-11' AS Date), N'B1ad3.jpg', 1, 1)
GO
INSERT [dbo].[Coaches] ([Id], [FirstName], [LastName], [Nickname], [DateOfBirth], [PhotoFileName], [CountryId], [TeamId]) VALUES (2, N'Dennis', N'Benthin Nielsen', N'sycrone', CAST(N'2000-01-01' AS Date), N'sycrone.webp', 7, 2)
GO
INSERT [dbo].[Coaches] ([Id], [FirstName], [LastName], [Nickname], [DateOfBirth], [PhotoFileName], [CountryId], [TeamId]) VALUES (3, N'Filip', N'Kubski', N'NEO', CAST(N'1987-06-15' AS Date), N'NEO.webp', 10, 3)
GO
SET IDENTITY_INSERT [dbo].[Coaches] OFF
GO
SET IDENTITY_INSERT [dbo].[Players] ON 
GO
INSERT [dbo].[Players] ([Id], [Rating], [Role], [FirstName], [LastName], [Nickname], [DateOfBirth], [PhotoFileName], [CountryId], [TeamId]) VALUES (1, 528, 2, N'Aleksi', N'Virolainen', N'Aleksib', CAST(N'1997-03-30' AS Date), N'Aleksib.webp', 3, 1)
GO
INSERT [dbo].[Players] ([Id], [Rating], [Role], [FirstName], [LastName], [Nickname], [DateOfBirth], [PhotoFileName], [CountryId], [TeamId]) VALUES (2, 579, 0, N'Valerij', N'Vakhovsjkyj', N'b1t', CAST(N'2003-01-05' AS Date), N'b1t.webp', 1, 1)
GO
INSERT [dbo].[Players] ([Id], [Rating], [Role], [FirstName], [LastName], [Nickname], [DateOfBirth], [PhotoFileName], [CountryId], [TeamId]) VALUES (3, 496, 0, N'Justinas', N'Lekavicius', N'jL', CAST(N'1999-09-29' AS Date), N'jL.webp', 6, 1)
GO
INSERT [dbo].[Players] ([Id], [Rating], [Role], [FirstName], [LastName], [Nickname], [DateOfBirth], [PhotoFileName], [CountryId], [TeamId]) VALUES (4, 491, 0, N'Ivan', N'Mihai', N'iM', CAST(N'1999-07-29' AS Date), N'iM.webp', 8, 1)
GO
INSERT [dbo].[Players] ([Id], [Rating], [Role], [FirstName], [LastName], [Nickname], [DateOfBirth], [PhotoFileName], [CountryId], [TeamId]) VALUES (5, 368, 1, N'Ihor', N'Zhdanov', N'w0nderful', CAST(N'2004-12-14' AS Date), N'w0nderful.webp', 1, 1)
GO
INSERT [dbo].[Players] ([Id], [Rating], [Role], [FirstName], [LastName], [Nickname], [DateOfBirth], [PhotoFileName], [CountryId], [TeamId]) VALUES (6, 578, 1, N'Ádám', N'Torzsás', N'torzsi', CAST(N'2002-05-17' AS Date), N'torzsi.webp', 4, 2)
GO
INSERT [dbo].[Players] ([Id], [Rating], [Role], [FirstName], [LastName], [Nickname], [DateOfBirth], [PhotoFileName], [CountryId], [TeamId]) VALUES (7, 548, 0, N'Dorian', N'Berman', N'xertioN', CAST(N'2004-07-22' AS Date), N'xertioN.webp', 5, 2)
GO
INSERT [dbo].[Players] ([Id], [Rating], [Role], [FirstName], [LastName], [Nickname], [DateOfBirth], [PhotoFileName], [CountryId], [TeamId]) VALUES (8, 463, 2, N'Kamil', N'Szkaradek', N'siuhy', CAST(N'2002-08-26' AS Date), N'siuhy.webp', 2, 2)
GO
INSERT [dbo].[Players] ([Id], [Rating], [Role], [FirstName], [LastName], [Nickname], [DateOfBirth], [PhotoFileName], [CountryId], [TeamId]) VALUES (9, 409, 0, N'Jimi', N'Salo', N'Jimpphat', CAST(N'2006-09-09' AS Date), N'Jimpphat.webp', 3, 2)
GO
INSERT [dbo].[Players] ([Id], [Rating], [Role], [FirstName], [LastName], [Nickname], [DateOfBirth], [PhotoFileName], [CountryId], [TeamId]) VALUES (10, NULL, 2, N'Finn', N'Andersen', N'karrigan', CAST(N'1990-04-14' AS Date), N'karrigan.webp', 7, 3)
GO
INSERT [dbo].[Players] ([Id], [Rating], [Role], [FirstName], [LastName], [Nickname], [DateOfBirth], [PhotoFileName], [CountryId], [TeamId]) VALUES (11, 13, 0, N'Håvard', N'Nygaard', N'rain', CAST(N'1994-08-27' AS Date), N'rain.webp', 11, 3)
GO
INSERT [dbo].[Players] ([Id], [Rating], [Role], [FirstName], [LastName], [Nickname], [DateOfBirth], [PhotoFileName], [CountryId], [TeamId]) VALUES (12, NULL, 0, N'David', N'Čerňanský', N'frozen', CAST(N'2002-07-18' AS Date), N'frozen.webp', 9, 3)
GO
INSERT [dbo].[Players] ([Id], [Rating], [Role], [FirstName], [LastName], [Nickname], [DateOfBirth], [PhotoFileName], [CountryId], [TeamId]) VALUES (13, NULL, 1, N'Helvijs', N'Saukants', N'broky', CAST(N'2001-02-14' AS Date), N'broky.webp', 10, 3)
GO
INSERT [dbo].[Players] ([Id], [Rating], [Role], [FirstName], [LastName], [Nickname], [DateOfBirth], [PhotoFileName], [CountryId], [TeamId]) VALUES (14, NULL, 0, N'Robin', N'Kool', N'ropz', CAST(N'1999-12-22' AS Date), N'ropz.webp', 12, 3)
GO
SET IDENTITY_INSERT [dbo].[Players] OFF
GO
SET IDENTITY_INSERT [dbo].[Locations] ON 
GO
INSERT [dbo].[Locations] ([Id], [City], [CountryId]) VALUES (1, N'Paris', 13)
GO
INSERT [dbo].[Locations] ([Id], [City], [CountryId]) VALUES (2, N'Rio de Janeiro', 14)
GO
INSERT [dbo].[Locations] ([Id], [City], [CountryId]) VALUES (3, N'Antwerp', 15)
GO
INSERT [dbo].[Locations] ([Id], [City], [CountryId]) VALUES (4, N'Stockholm', 16)
GO
INSERT [dbo].[Locations] ([Id], [City], [CountryId]) VALUES (5, N'Jönköping', 16)
GO
INSERT [dbo].[Locations] ([Id], [City], [CountryId]) VALUES (6, N'Berlin', 17)
GO
INSERT [dbo].[Locations] ([Id], [City], [CountryId]) VALUES (7, N'Cologne', 17)
GO
INSERT [dbo].[Locations] ([Id], [City], [CountryId]) VALUES (8, N'Katowice', 2)
GO
INSERT [dbo].[Locations] ([Id], [City], [CountryId]) VALUES (9, N'Krakow', 2)
GO
INSERT [dbo].[Locations] ([Id], [City], [CountryId]) VALUES (10, N'London', 18)
GO
INSERT [dbo].[Locations] ([Id], [City], [CountryId]) VALUES (11, N'Abu Dhabi', 19)
GO
SET IDENTITY_INSERT [dbo].[Locations] OFF
GO
SET IDENTITY_INSERT [dbo].[Maps] ON 
GO
INSERT [dbo].[Maps] ([Id], [Name], [ImageFileName]) VALUES (1, N'Mirage', N'mirage.png')
GO
INSERT [dbo].[Maps] ([Id], [Name], [ImageFileName]) VALUES (2, N'Inferno', N'inferno.png')
GO
INSERT [dbo].[Maps] ([Id], [Name], [ImageFileName]) VALUES (3, N'Overpass', N'overpass.webp')
GO
INSERT [dbo].[Maps] ([Id], [Name], [ImageFileName]) VALUES (4, N'Nuke', N'nuke.png')
GO
INSERT [dbo].[Maps] ([Id], [Name], [ImageFileName]) VALUES (5, N'Dust2', N'dust2.png')
GO
INSERT [dbo].[Maps] ([Id], [Name], [ImageFileName]) VALUES (6, N'Train', N'train.webp')
GO
INSERT [dbo].[Maps] ([Id], [Name], [ImageFileName]) VALUES (7, N'Cache', N'cache.webp')
GO
INSERT [dbo].[Maps] ([Id], [Name], [ImageFileName]) VALUES (8, N'Vertigo', N'vertigo.webp')
GO
INSERT [dbo].[Maps] ([Id], [Name], [ImageFileName]) VALUES (9, N'Cobblestone', N'cobblestone.webp')
GO
INSERT [dbo].[Maps] ([Id], [Name], [ImageFileName]) VALUES (10, N'Ancient', N'ancient.webp')
GO
INSERT [dbo].[Maps] ([Id], [Name], [ImageFileName]) VALUES (11, N'Anubis', N'anubis.png')
GO
SET IDENTITY_INSERT [dbo].[Maps] OFF
GO
SET IDENTITY_INSERT [dbo].[Tournaments] ON 
GO
INSERT [dbo].[Tournaments] ([Id], [Name], [LocationId], [StartDate], [EndDate], [PrizePool], [LogoFileName]) VALUES (1, N'BLAST.tv Paris Major 2023', 1, CAST(N'2023-05-13' AS Date), CAST(N'2023-05-21' AS Date), 1250000, N'Major2023.svg')
GO
SET IDENTITY_INSERT [dbo].[Tournaments] OFF
GO
SET IDENTITY_INSERT [dbo].[Matchs] ON 
GO
INSERT [dbo].[Matchs] ([Id], [Team1Id], [Team2Id], [DateTime], [TournamentId], [MatchFormat], [Result_WinnerTeamId], [Result_Team1MapWins], [Result_Team2MapWins]) VALUES (1, 1, 2, CAST(N'2023-05-13T12:30:00.0000000' AS DateTime2), 1, 0, 1, 1, 0)
GO
INSERT [dbo].[Matchs] ([Id], [Team1Id], [Team2Id], [DateTime], [TournamentId], [MatchFormat], [Result_WinnerTeamId], [Result_Team1MapWins], [Result_Team2MapWins]) VALUES (2, 2, 3, CAST(N'2023-05-14T14:00:00.0000000' AS DateTime2), 1, 0, 2, 1, 0)
GO
INSERT [dbo].[Matchs] ([Id], [Team1Id], [Team2Id], [DateTime], [TournamentId], [MatchFormat], [Result_WinnerTeamId], [Result_Team1MapWins], [Result_Team2MapWins]) VALUES (3, 1, 3, CAST(N'2023-05-15T19:00:00.0000000' AS DateTime2), 1, 0, 3, 0, 2)
GO
INSERT [dbo].[Matchs] ([Id], [Team1Id], [Team2Id], [DateTime], [TournamentId], [MatchFormat], [Result_WinnerTeamId], [Result_Team1MapWins], [Result_Team2MapWins]) VALUES (6, 1, 2, CAST(N'2024-01-24T00:00:00.0000000' AS DateTime2), 1, 1, NULL, NULL, NULL)
GO
SET IDENTITY_INSERT [dbo].[Matchs] OFF
GO
SET IDENTITY_INSERT [dbo].[MatchMaps] ON 
GO
INSERT [dbo].[MatchMaps] ([Id], [MatchId], [MapId], [PickByTeamId], [Result_WinnerTeamId], [Result_Team1RoundWins], [Result_Team2RoundWins]) VALUES (1, 1, 1, 1, 1, 16, 8)
GO
INSERT [dbo].[MatchMaps] ([Id], [MatchId], [MapId], [PickByTeamId], [Result_WinnerTeamId], [Result_Team1RoundWins], [Result_Team2RoundWins]) VALUES (2, 2, 2, 3, 2, 16, 7)
GO
INSERT [dbo].[MatchMaps] ([Id], [MatchId], [MapId], [PickByTeamId], [Result_WinnerTeamId], [Result_Team1RoundWins], [Result_Team2RoundWins]) VALUES (3, 3, 2, 3, 3, 10, 16)
GO
INSERT [dbo].[MatchMaps] ([Id], [MatchId], [MapId], [PickByTeamId], [Result_WinnerTeamId], [Result_Team1RoundWins], [Result_Team2RoundWins]) VALUES (4, 3, 11, 1, 3, 8, 16)
GO
INSERT [dbo].[MatchMaps] ([Id], [MatchId], [MapId], [PickByTeamId], [Result_WinnerTeamId], [Result_Team1RoundWins], [Result_Team2RoundWins]) VALUES (11, 3, 1, NULL, NULL, NULL, NULL)
GO
INSERT [dbo].[MatchMaps] ([Id], [MatchId], [MapId], [PickByTeamId], [Result_WinnerTeamId], [Result_Team1RoundWins], [Result_Team2RoundWins]) VALUES (12, 3, 3, NULL, NULL, NULL, NULL)
GO
INSERT [dbo].[MatchMaps] ([Id], [MatchId], [MapId], [PickByTeamId], [Result_WinnerTeamId], [Result_Team1RoundWins], [Result_Team2RoundWins]) VALUES (13, 3, 4, NULL, NULL, NULL, NULL)
GO
INSERT [dbo].[MatchMaps] ([Id], [MatchId], [MapId], [PickByTeamId], [Result_WinnerTeamId], [Result_Team1RoundWins], [Result_Team2RoundWins]) VALUES (14, 3, 5, NULL, NULL, NULL, NULL)
GO
INSERT [dbo].[MatchMaps] ([Id], [MatchId], [MapId], [PickByTeamId], [Result_WinnerTeamId], [Result_Team1RoundWins], [Result_Team2RoundWins]) VALUES (15, 3, 6, NULL, NULL, NULL, NULL)
GO
INSERT [dbo].[MatchMaps] ([Id], [MatchId], [MapId], [PickByTeamId], [Result_WinnerTeamId], [Result_Team1RoundWins], [Result_Team2RoundWins]) VALUES (16, 3, 7, NULL, NULL, NULL, NULL)
GO
INSERT [dbo].[MatchMaps] ([Id], [MatchId], [MapId], [PickByTeamId], [Result_WinnerTeamId], [Result_Team1RoundWins], [Result_Team2RoundWins]) VALUES (17, 3, 8, NULL, NULL, NULL, NULL)
GO
INSERT [dbo].[MatchMaps] ([Id], [MatchId], [MapId], [PickByTeamId], [Result_WinnerTeamId], [Result_Team1RoundWins], [Result_Team2RoundWins]) VALUES (18, 3, 9, NULL, NULL, NULL, NULL)
GO
INSERT [dbo].[MatchMaps] ([Id], [MatchId], [MapId], [PickByTeamId], [Result_WinnerTeamId], [Result_Team1RoundWins], [Result_Team2RoundWins]) VALUES (19, 3, 10, NULL, NULL, NULL, NULL)
GO
SET IDENTITY_INSERT [dbo].[MatchMaps] OFF
GO
SET IDENTITY_INSERT [dbo].[TournamentTeams] ON 
GO
INSERT [dbo].[TournamentTeams] ([Id], [TournamentId], [TeamId], [Place], [Prize]) VALUES (1, 1, 1, 3, 125000)
GO
INSERT [dbo].[TournamentTeams] ([Id], [TournamentId], [TeamId], [Place], [Prize]) VALUES (2, 1, 2, 2, 250000)
GO
INSERT [dbo].[TournamentTeams] ([Id], [TournamentId], [TeamId], [Place], [Prize]) VALUES (3, 1, 3, 1, 500000)
GO
SET IDENTITY_INSERT [dbo].[TournamentTeams] OFF
GO
INSERT [dbo].[AspNetUsers] ([Id], [UserName], [NormalizedUserName], [Email], [NormalizedEmail], [EmailConfirmed], [PasswordHash], [SecurityStamp], [ConcurrencyStamp], [PhoneNumber], [PhoneNumberConfirmed], [TwoFactorEnabled], [LockoutEnd], [LockoutEnabled], [AccessFailedCount]) VALUES (N'1ca5cce9-854b-4cb9-a384-4434fac9d109', N'admin@esports.portal', N'ADMIN@ESPORTS.PORTAL', N'admin@esports.portal', N'ADMIN@ESPORTS.PORTAL', 1, N'AQAAAAIAAYagAAAAEOd0RdTRHK2LjfPYfQR7jPpeDu3suEGiTlYeeoFX5rah6UJEvC3JK2LPp4kq0nFUPA==', N'WK7TJMTSWNNOEK6AKFL74SN2QWCOMWTQ', N'ae2be80d-881e-4fe6-8edf-2aec496ff577', NULL, 0, 0, NULL, 1, 0)
GO
INSERT [dbo].[AspNetUsers] ([Id], [UserName], [NormalizedUserName], [Email], [NormalizedEmail], [EmailConfirmed], [PasswordHash], [SecurityStamp], [ConcurrencyStamp], [PhoneNumber], [PhoneNumberConfirmed], [TwoFactorEnabled], [LockoutEnd], [LockoutEnabled], [AccessFailedCount]) VALUES (N'73360163-c6ed-4e1a-a701-a675f77a08bd', N'user@esports.portal', N'USER@ESPORTS.PORTAL', N'user@esports.portal', N'USER@ESPORTS.PORTAL', 1, N'AQAAAAIAAYagAAAAEIgFNAJOLNqTL7MpjafxemIZPnahpxjkxrRT4kt4YJV44d3p5nSqBT8nWoUOylhdbQ==', N'RRCRRWHATF6EEJDZUBL7LXKQJU2YXBFS', N'ee142c21-b08e-4f9e-8689-99788d7adfd9', NULL, 0, 0, NULL, 1, 0)
GO
INSERT [dbo].[AspNetUserRoles] ([UserId], [RoleId]) VALUES (N'1ca5cce9-854b-4cb9-a384-4434fac9d109', N'2e7c776d-803d-4483-83e4-4727c0db0142')
GO
SET IDENTITY_INSERT [dbo].[UserSettings] ON 
GO
INSERT [dbo].[UserSettings] ([Id], [UserId], [Name], [Value]) VALUES (4, N'1ca5cce9-854b-4cb9-a384-4434fac9d109', N'ThemeColor', N'Teams')
GO
INSERT [dbo].[UserSettings] ([Id], [UserId], [Name], [Value]) VALUES (5, N'1ca5cce9-854b-4cb9-a384-4434fac9d109', N'ThemeMode', N'Light')
GO
SET IDENTITY_INSERT [dbo].[UserSettings] OFF
GO
